187, alagu, ALAGU PRAKALYA, Theni, o, Thirna bus stop
114, sam, SAMY, Coimbatore, p, Peelamedu
139, vish12, Vishal, Tenkasi, o, Kovail near
150, 123dhan, Dhanam , Salem, o, Killohi
173, snake, Sneha, Coimbatore, p, Peelamedu
151, deep, Deepak, Theni, o, Kovil bus stop
120, joe, Jothy, Salem, o, Samy theru
124, rij, rio, Theni, o, gundi station
164, shalu12, Shalini, Chennai, p, Central
121, shanu45, SHANTHI, Tenkasi, o, Periya kovil
113, 123ert, Anand, Tenkasi, o, Deei pirivu
129, ang123, lancia, Coimbatore, p, race course
123, aki89, AKALYA, Chennai, o, Central
119, lak89, Lakshmi, Theni, p, SINARMPATTI
116, e, e, e, o, e
148, 1234, Ankita, Chennai, p, Egmor
164, 2345, Depika, Dindugal, p, Four road jn
183, adhi, ADHI, Salem, p, Kolan statue
149, deer, alagu kin, Coimbatore, o, Peelamedu
